{
  "brain-volume" : 0.00090246700965842294,
  "center-of-mass" : [ 0.0, 0.0, 0.0 ],
  "csdm-15" : 0.0,
  "csdm-30" : 0.0,
  "maximum-PSxSR" : 
  {
    "global-element-id" : 13120,
    "location" : [ -0.016183999999999997, 0.053556000000000006, 0.0098200000000000006 ],
    "time" : 0.028789406186620542,
    "value" : 0.00012283665557204332
  },
  "maximum-shear-strain" :
  {
    "global-element-id" : 13120,
    "location" : [ -0.016183999999999997, 0.053556000000000006, 0.0098200000000000006 ],
    "time" : 0.028789406186620542,
    "value" : 0.0020384401863961319
  },
  "output-file" : "coarse_brain.pvd",
  "principal-max-strain" :
  {
    "global-element-id" : 13451,
    "location" : [ -0.020808, 0.053556000000000006, 0.0051985000000000009 ],
    "time" : 0.0023990947736643219,
    "value" : 0.0024242818346543525
  },
  "principal-min-strain" :
  {
    "global-element-id" : 12555,
    "location" : [ -0.011551499999999999, 0.053533625000000008, 0.014466125000000002 ],
    "time" : 0.0023990947736643219,
    "value" : -0.0023213038965101849
  }
}
