{
  "maximum-shear-strain" : 
  {
    "global-element-id" : 13885,
    "location" : [ -0.025431499999999999, -0.36444450000000006, 0.011261500000000001 ],
    "time" : 0.036787677341224942,
    "value" : 0.01107067458630355
  },
  "output-file" : "coarse_brain.pvd",
  "principal-max-strain" : 
  {
    "global-element-id" : 12613,
    "location" : [ -0.011545749999999999, -0.37871925000000001, -0.048834124999999999 ],
    "time" : 0.032789019673335057,
    "value" : 0.035460540870964709
  },
  "principal-min-strain" : 
  {
    "global-element-id" : 13431,
    "location" : [ -0.020808, -0.38833399999999996, -0.044198499999999995 ],
    "time" : 0.030390154504131024,
    "value" : -0.032563184306315052
  }
}